Age,Name,ID,Profession
25,John Smith,12345,Engineer
32,Alice Williams,67890,Teacher
41,Bob Johnson,11223,Doctor
23,Claire Brown,44556,Artist
50,Emily Davis,77889,Lawyer
25,Frank Wilson,99001,Engineer
35,Gary Thomas,22344,Architect
41,Helen Martinez,55667,Doctor
46,Ivy Clark,88990,Journalist
25,Jack Lewis,11923,Engineer
32,Karen Lee,47382,Teacher
35,Liam Hall,78892,Architecta
24,Mary Scott,90012,Designer
41,Nancy Green,23456,Doctor
35,Oliver Young,56789,Architect
23,Peter Hernandez,89123,Artist
32,Quincy King,67834,Teacher
24,Rachel Adams,12121,Designer
46,Steve Nelson,13131,Journalist
50,Tracy Hill,14141,Lawyer